title,year,imdb,rottenTomatoes,metacritic,imdbVotes,imdbID
The Shawshank Redemption,1994,9.3/10,91%,80/100,2400369,tt0111161
The Intouchables,2011,8.5/10,75%,57/100,778173,tt1675434
The Green Mile,1999,8.6/10,78%,61/100,1173084,tt0120689
The Godfather,1972,9.2/10,97%,100/100,1657705,tt0068646
12 Angry Men,1957,9.0/10,100%,96/100,707719,tt0050083
Forrest Gump,1994,8.8/10,71%,82/100,1850749,tt0109830
The Godfather: Part II,1974,9.0/10,96%,90/100,1152413,tt0071562
The Lord of the Rings: The Return of the King,2003,8.9/10,93%,94/100,1671597,tt0167260
Schindler's List,1993,8.9/10,98%,94/100,1235435,tt0108052
Pulp Fiction,1994,8.9/10,92%,94/100,1861736,tt0110912
Se7en,1995,8.6/10,81%,65/100,1480104,tt0114369
Joker,2019,8.4/10,68%,59/100,1004785,tt7286456
The Lord of the Rings: The Two Towers,2002,8.7/10,95%,87/100,1511542,tt0167261
Fight Club,1999,8.8/10,79%,66/100,1895995,tt0137523
Goodfellas,1990,8.7/10,96%,90/100,1042140,tt0099685
The Pianist,2002,8.5/10,95%,85/100,750555,tt0253474
A Beautiful Mind,2001,8.2/10,74%,72/100,864865,tt0268978
Inception,2010,8.8/10,87%,74/100,2112329,tt1375666
Django Unchained,2012,8.4/10,87%,81/100,1387415,tt1853728
The Silence of the Lambs,1991,8.6/10,96%,85/100,1298064,tt0102926
The Lion King,1994,8.5/10,93%,88/100,963107,tt0110357
Scarface,1983,8.3/10,82%,65/100,760082,tt0086250
Gran Torino,2008,8.1/10,81%,72/100,729757,tt1205489
Shutter Island,2010,8.2/10,68%,63/100,1162770,tt1130884
Coco,2017,8.4/10,97%,81/100,405005,tt2380307
American History X,1998,8.5/10,83%,62/100,1050682,tt0120586
Green Book,2018,8.2/10,77%,69/100,403808,tt6966692
Leon: The Professional,1994,8.5/10,74%,64/100,1055906,tt0110413
Gladiator,2000,8.5/10,77%,67/100,1365267,tt0172495
The Boy in the Striped Pyjamas,2008,7.8/10,64%,55/100,195088,tt0914798
Saving Private Ryan,1998,8.6/10,93%,91/100,1261938,tt0120815
Braveheart,1995,8.3/10,78%,68/100,972445,tt0112573
Whiplash,2014,8.5/10,94%,88/100,738911,tt2582802
Hacksaw Ridge,2016,8.1/10,84%,71/100,451090,tt2119532
Good Will Hunting,1997,8.3/10,98%,70/100,878800,tt0119217
Apocalypse Now,1979,8.4/10,98%,94/100,616883,tt0078788
Scent of a Woman,1992,8.0/10,89%,59/100,271580,tt0105323
The Prestige,2006,8.5/10,76%,66/100,1218113,tt0482571
Avengers: Infinity War,2018,8.4/10,85%,68/100,876831,tt4154756
Star Wars: Episode V - The Empire Strikes Back,1980,8.7/10,94%,82/100,1178198,tt0080684
Once Upon a Time in America,1984,8.4/10,87%,null,317854,tt0087843
Star Wars: Episode VI - Return of the Jedi,1983,8.3/10,82%,58/100,965907,tt0086190
The Help,2011,8.0/10,76%,62/100,434052,tt1454029
The Pursuit of Happyness,2006,8.0/10,67%,64/100,458541,tt0454921
Casino,1995,8.2/10,80%,73/100,475907,tt0112641
The Notebook,2004,7.8/10,53%,53/100,529753,tt0332280
Amadeus,1984,8.3/10,93%,88/100,374769,tt0086879
Platoon,1986,8.1/10,87%,92/100,387127,tt0091763
Heat,1995,8.2/10,87%,76/100,589967,tt0113277
Parasite,2019,8.6/10,98%,96/100,613708,tt6751668
